# kd-site: PHP-type files under wp-content/uploads and gallery directories, 2026-10-08
# mtime, size, path under /var/www/html. Names only; none opened except the two chass files already reported.
2025-12-26 16:26	0	./kdsites/dev2/wp-content/uploads/backup/index.php
2025-12-26 16:26	0	./kdsites/dev/wp-content/uploads/backup/index.php
2025-12-26 16:26	0	./kdsites/site/wp-content/uploads/backup/index.php
2026-04-16 09:55	10706	./kdsites/dev2/wp-content/uploads/cache/215cc383cd4c967a7759a9ffae73e21c0a8efbff.php
2025-12-26 16:31	1138	./kdsites/dev2/wp-content/uploads/cache/3b0103044f6b615b4cb33096218f0c6a69a15a42.php
2025-12-26 16:31	1138	./kdsites/dev/wp-content/uploads/cache/3b0103044f6b615b4cb33096218f0c6a69a15a42.php
2026-06-16 12:03	11549	./clientsites/2sto/site_old/wp-content/uploads/stm_fonts/stm/charmap.php
2018-07-13 11:42	11549	./kdtemplates/executive/site_old/wp-content/uploads/stm_fonts/stm/charmap.php
2025-12-26 16:30	1245	./kdsites/dev2/wp-content/uploads/cache/d523e82bb342dd07c13b4392bcb7708a5f0fa5e0.php
2025-12-26 16:30	1245	./kdsites/dev/wp-content/uploads/cache/d523e82bb342dd07c13b4392bcb7708a5f0fa5e0.php
2026-04-27 14:47	1246	./kdsites/dev2/wp-content/uploads/cache/4367993fb476c36de34cfbcdffd7809383ac3f95.php
2026-09-25 13:37	1246	./kdsites/site/wp-content/uploads/cache/464e186a18f79a68a142c3369835fa52c3ac9f8a.php
2023-04-04 12:19	13514	./kdtemplates/victory/site/wp-content/uploads/cache/wpml/twig/92/92e50e75fe4d59f0a1f963893b9bda87458657c10ec567e209af0622bf137eef.php
2023-04-04 12:19	13815	./kdtemplates/victory/site/wp-content/uploads/cache/wpml/twig/70/702964e878eeee7284246b487cddd7ca3095281767c68f39443e7a4ab6940f3c.php
2025-12-26 16:27	1432	./kdsites/dev2/wp-content/uploads/cache/27fb90b46244e8277d7835672691c8bebf291624.php
2025-12-26 16:27	1432	./kdsites/dev/wp-content/uploads/cache/27fb90b46244e8277d7835672691c8bebf291624.php
2026-04-27 14:47	1433	./kdsites/dev2/wp-content/uploads/cache/21983d399e112f958238d07f6c31f82d6246ef91.php
2026-09-25 13:24	1433	./kdsites/site/wp-content/uploads/cache/41fefe5b73b1961f312be108334811feadf3785c.php
2025-12-26 16:31	1460	./kdsites/dev2/wp-content/uploads/cache/e884250b9569979a6fba93361a463b24697c3794.php
2025-12-26 16:31	1460	./kdsites/dev/wp-content/uploads/cache/e884250b9569979a6fba93361a463b24697c3794.php
2026-04-27 14:55	1461	./kdsites/dev2/wp-content/uploads/cache/c79ec8adac258bc518f85eb0f87992e323d1b174.php
2026-09-25 13:25	1461	./kdsites/site/wp-content/uploads/cache/303419eb34b684e0704ca8a13423b3c7540c5459.php
2025-12-26 16:31	147	./kdsites/dev2/wp-content/uploads/cache/8d80631735ff60ec5ac3d58b387806d2872677fa.php
2025-12-26 16:31	147	./kdsites/dev/wp-content/uploads/cache/8d80631735ff60ec5ac3d58b387806d2872677fa.php
2026-04-27 15:02	148	./kdsites/dev2/wp-content/uploads/cache/90d884fd00de1d951c8bfc3f925358ecf1f9f248.php
2026-09-25 13:26	148	./kdsites/site/wp-content/uploads/cache/5d25510d206d7e232a0fd1e1917b9ab1ebafe2b3.php
2025-12-26 16:27	15497	./kdsites/dev2/wp-content/uploads/cache/9a2dd5d3c0d6d02fd486be49dfbb15c061d305da.php
2025-12-26 16:27	15497	./kdsites/dev/wp-content/uploads/cache/9a2dd5d3c0d6d02fd486be49dfbb15c061d305da.php
2026-04-27 14:48	15498	./kdsites/dev2/wp-content/uploads/cache/15da1b35a5327991ea1b3035cb52c008d34bdb05.php
2026-09-25 13:24	15498	./kdsites/site/wp-content/uploads/cache/dc44b027eef7daa5694872cafb4267ecd4a999b2.php
2025-12-26 16:31	1620	./kdsites/dev2/wp-content/uploads/cache/96c102e4e3e032a394c887fa5de7b06cd97f2c63.php
2025-12-26 16:31	1620	./kdsites/dev/wp-content/uploads/cache/96c102e4e3e032a394c887fa5de7b06cd97f2c63.php
2026-04-27 15:02	1621	./kdsites/dev2/wp-content/uploads/cache/51fd1b4f5e982d1ae727620ea347cf780bd3b8ea.php
2026-09-25 13:28	1621	./kdsites/site/wp-content/uploads/cache/a8ffcc102537471dd9e528042f6d774f712a0c82.php
2025-12-26 16:31	16388	./kdsites/dev2/wp-content/uploads/cache/0d88cf206dd0e367190137058899ac439629a13b.php
2025-12-26 16:31	16388	./kdsites/dev/wp-content/uploads/cache/0d88cf206dd0e367190137058899ac439629a13b.php
2026-04-27 14:55	16389	./kdsites/dev2/wp-content/uploads/cache/9a46ff7550766e267a6a3b92c01c0988923c3ad4.php
2026-09-25 13:45	16389	./kdsites/site/wp-content/uploads/cache/50c40b02daaa22760d73d8e00759bae688e55974.php
2025-12-27 17:26	17186	./kdsites/dev2/wp-content/uploads/cache/fc86fc37f254bdf808a751b3953bffbb085066f8.php
2025-12-27 17:26	17186	./kdsites/dev/wp-content/uploads/cache/fc86fc37f254bdf808a751b3953bffbb085066f8.php
2026-04-27 15:05	17187	./kdsites/dev2/wp-content/uploads/cache/98a6def5e1234f412d8b4a94acfd2aa7b667c94f.php
2026-09-25 13:54	17187	./kdsites/site/wp-content/uploads/cache/85667001e7914359131382def9e521849ae60162.php
2023-04-04 12:19	1775	./kdtemplates/victory/site/wp-content/uploads/cache/wpml/twig/a0/a0e3cc88a75078a5575e475d1d4a004724a87b9c89a56b9036b7f062e24e8a70.php
2025-12-26 16:31	1814	./kdsites/dev2/wp-content/uploads/cache/5b60b224c210652da2816995c938315b808cc887.php
2025-12-26 16:31	1814	./kdsites/dev/wp-content/uploads/cache/5b60b224c210652da2816995c938315b808cc887.php
2026-04-27 15:02	1815	./kdsites/dev2/wp-content/uploads/cache/b8c97b680ab6f47a597161476316c847e6605839.php
2026-09-25 13:39	1815	./kdsites/site/wp-content/uploads/cache/45e23b1bcbb4b0e031aa6e9a1e9ec7ae0e528949.php
2025-12-27 16:41	225	./kdsites/dev2/wp-content/uploads/cache/4719edf2e44ac30da24afd922b77eb9b55e3902a.php
2025-12-27 16:41	225	./kdsites/dev/wp-content/uploads/cache/4719edf2e44ac30da24afd922b77eb9b55e3902a.php
2026-04-27 15:16	226	./kdsites/dev2/wp-content/uploads/cache/2138f54f21c9abf67fb71ec98e0b26ba9483bb4f.php
2026-09-25 13:47	226	./kdsites/site/wp-content/uploads/cache/69c01ee47efef435aedf877edd97c1db03170583.php
2023-04-04 12:19	2470	./kdtemplates/victory/site/wp-content/uploads/cache/wpml/twig/4e/4ebcae774227a3fd95c391d7f26afd44bdd7122b01e091b995f52300933e5834.php
2023-04-04 12:19	2578	./kdtemplates/victory/site/wp-content/uploads/cache/wpml/twig/bd/bd432b3060624919c822a56ca49a41b85adf9b82de6e22dde41a9b6a4f1b8498.php
2025-12-26 16:31	2671	./kdsites/dev2/wp-content/uploads/cache/e560d4687e37380f76ef0db0b4ad4e0d133b8253.php
2025-12-26 16:31	2671	./kdsites/dev/wp-content/uploads/cache/e560d4687e37380f76ef0db0b4ad4e0d133b8253.php
2026-04-27 15:02	2672	./kdsites/dev2/wp-content/uploads/cache/a62e60db54c9c06b2c84759d5de46c8f163a1c95.php
2026-09-25 13:28	2672	./kdsites/site/wp-content/uploads/cache/8819c17964079e8e1182ed28347faf85f2bd4867.php
2023-04-04 12:19	2678	./kdtemplates/victory/site/wp-content/uploads/cache/wpml/twig/9d/9d71f83f42ecb09a131094b146cfebfe9bd02acbf23a488dc8c2d30c299a6ca6.php
2025-12-26 16:27	2781	./kdsites/dev2/wp-content/uploads/cache/d27402dc9e063de2073864ea5afaa8e18eec84b1.php
2023-04-04 12:27	2822	./kdtemplates/victory/site/wp-content/uploads/cache/wpml/twig/c2/c296317cd1be409e28a880814d097d83136404b83090d902a335d8b17afd6808.php
2023-04-04 12:19	2847	./kdtemplates/victory/site/wp-content/uploads/cache/wpml/twig/92/92bd34dcc20b8a2bb84221bfadca9b3dae519fa6ac3daf99bda8b8f6f345b105.php
2026-05-13 14:25	2870	./kdsites/dev/wp-content/uploads/cache/d27402dc9e063de2073864ea5afaa8e18eec84b1.php
2026-09-25 13:24	2871	./kdsites/site/wp-content/uploads/cache/313bf7f5eeef3fb70c9e7ab38d6d1dfcb323ada4.php
2026-04-28 11:20	2928	./kdsites/dev2/wp-content/uploads/cache/3cc85a48cd7c486061d1a948037b95dcc9ab75ee.php
2016-01-06 08:24	301	./webdesign/chass/site_old/wp-content/gallery/distributors/thumbs/config.inf
2016-01-06 08:24	304	./webdesign/chass/site_old/wp-content/gallery/distributors/thumbs/config.php
2026-07-07 11:37	30	./clientsites/2sto/site/wp-content/uploads/cfdb7_uploads/index.php
2023-04-04 12:21	3179	./kdtemplates/victory/site/wp-content/uploads/cache/wpml/twig/a6/a68b3eb0fc4c00b649af389b1fe559704cd8ffd0cea88c1c9fbcf5ca78a8a9ed.php
2026-01-23 12:18	3258	./kdsites/dev2/wp-content/uploads/cache/97a7b30d5526f9f1dccb32ed13badeaafb463538.php
2026-01-23 12:18	3258	./kdsites/dev/wp-content/uploads/cache/97a7b30d5526f9f1dccb32ed13badeaafb463538.php
2023-04-04 12:19	3528	./kdtemplates/victory/site/wp-content/uploads/cache/wpml/twig/2e/2e78a5695de2262821c77637eec5868b6b495e3b6124df81963eab802011e648.php
2023-04-04 12:19	3577	./kdtemplates/victory/site/wp-content/uploads/cache/wpml/twig/41/41082f057f7ca14a87385053e5e15d854bd43674dad733eb5d6239cae3898410.php
2025-12-26 16:31	3665	./kdsites/dev2/wp-content/uploads/cache/5043c6a2dfb66caa4b1f9c40427b6a2fa7f9287c.php
2025-12-26 16:31	3665	./kdsites/dev/wp-content/uploads/cache/5043c6a2dfb66caa4b1f9c40427b6a2fa7f9287c.php
2026-04-27 15:06	3666	./kdsites/dev2/wp-content/uploads/cache/b93ecddc191c75121be317f06d2dab4670bee2bd.php
2026-09-25 13:32	3666	./kdsites/site/wp-content/uploads/cache/332b4e1b34322846bbab893ab5bcd98c6acdc31e.php
2025-12-26 16:27	373	./kdsites/dev2/wp-content/uploads/cache/53b6969507a431aab9cb5ddf483e2cef6d32df51.php
2025-12-26 16:27	373	./kdsites/dev/wp-content/uploads/cache/53b6969507a431aab9cb5ddf483e2cef6d32df51.php
2026-04-27 14:47	374	./kdsites/dev2/wp-content/uploads/cache/4e585c7ecb9df71df55f8e9574405d9fd8428d15.php
2026-09-25 13:24	374	./kdsites/site/wp-content/uploads/cache/6ba4859ae0e623ce062b3ab932a91abf64b9a291.php
2023-04-04 12:19	3753	./kdtemplates/victory/site/wp-content/uploads/cache/wpml/twig/5a/5ad2ed3571b49d39a195f2ea21c5fd902caf4194666f362fe31c0c4c5c8e82a2.php
2023-04-04 12:19	3763	./kdtemplates/victory/site/wp-content/uploads/cache/wpml/twig/fd/fdba34cc20fb534f4c9a4c0be7410b7f07d25dcc3beb625ab68b15ed60f93b5a.php
2025-12-26 16:31	389	./kdsites/dev2/wp-content/uploads/cache/50a33df467ce2c9a40fc10a420e5387d1690b5c1.php
2025-12-26 16:31	389	./kdsites/dev/wp-content/uploads/cache/50a33df467ce2c9a40fc10a420e5387d1690b5c1.php
2026-04-27 14:55	390	./kdsites/dev2/wp-content/uploads/cache/33e752f56fbf81d1a6a3ad3563d993cd10fdf4c1.php
2026-09-25 13:25	390	./kdsites/site/wp-content/uploads/cache/1df9eff519a142dcbea4821d6a0e61409b82b69e.php
2023-04-04 12:19	3967	./kdtemplates/victory/site/wp-content/uploads/cache/wpml/twig/c1/c18bdf9f0d2f3c606c3ae2f4a3cf4eb343388f6eb31a05691483c870b958010a.php
2025-12-26 16:31	4163	./kdsites/dev2/wp-content/uploads/cache/c0bde9255e92ff55b77eec02ecc52b6233252424.php
2025-12-26 16:31	4163	./kdsites/dev/wp-content/uploads/cache/c0bde9255e92ff55b77eec02ecc52b6233252424.php
2026-04-27 15:03	4164	./kdsites/dev2/wp-content/uploads/cache/3dbdc2d59ce8605b656a9d89d80cd91f972797e4.php
2026-09-25 13:26	4164	./kdsites/site/wp-content/uploads/cache/91d48aa6c5050a38483f3a6f040233cd162c02fd.php
2023-04-04 12:19	4333	./kdtemplates/victory/site/wp-content/uploads/cache/wpml/twig/12/12b2c1940a5952715b510083e68f73e056fc4e84d895836e6e3aa96563940d9d.php
2023-04-04 12:19	4453	./kdtemplates/victory/site/wp-content/uploads/cache/wpml/twig/af/af796cb9ce4464973a6cd02899708073f57a96c74a024b878db88a85787af6f2.php
2026-04-15 11:31	4586	./kdsites/dev2/wp-content/uploads/cache/bc3c17d890c510067019bc61031192a9f3a2feee.php
2026-04-15 11:31	4586	./kdsites/dev/wp-content/uploads/cache/bc3c17d890c510067019bc61031192a9f3a2feee.php
2026-04-27 15:05	4587	./kdsites/dev2/wp-content/uploads/cache/1bde40381fa684b0dce371ffd5d7a577c356b958.php
2026-09-25 13:25	4587	./kdsites/site/wp-content/uploads/cache/112869a4bf71a374e0f72c864b7bbf3617fef7f5.php
2023-04-04 12:19	4679	./kdtemplates/victory/site/wp-content/uploads/cache/wpml/twig/02/02ca491b3596f921c360e7303b5905dfb0bd628c69efdd9947da8157b1ae464c.php
2023-04-04 12:19	4731	./kdtemplates/victory/site/wp-content/uploads/cache/wpml/twig/1f/1f8226ab51988716d42e83803bdef34076a04fcaf91736acc9d863e41556554a.php
2023-04-04 12:19	4814	./kdtemplates/victory/site/wp-content/uploads/cache/wpml/twig/b8/b80514bd940e3b7da9572ad4c86fc4b62ae11c248d3242536f2a44b0c77779df.php
2023-04-04 12:19	4936	./kdtemplates/victory/site/wp-content/uploads/cache/wpml/twig/0f/0ffb3bbe5cb64fd03246b46a019b814c918e3bdd568602fec6884b7542c6d4f6.php
2016-01-06 08:24	494	./webdesign/chass/site_old/wp-content/gallery/manufacturer-positions/thumbs/db.inf
2023-04-04 12:19	4960	./kdtemplates/victory/site/wp-content/uploads/cache/wpml/twig/47/4794670268c25bdb671fbc23ddca62b5d9235c01e11d516ddecbacf7adf37bc1.php
2016-01-06 08:24	497	./webdesign/chass/site_old/wp-content/gallery/manufacturer-positions/thumbs/db.php
2023-04-04 12:19	4995	./kdtemplates/victory/site/wp-content/uploads/cache/wpml/twig/f0/f08f4fed36c1c830f9bfc88407760b70f62ccd04d52a52a6f7dd25e7fbaa5895.php
2025-12-27 16:41	503	./kdsites/dev2/wp-content/uploads/cache/37c059cfefded2f84dd2d76ae5ef2ee0e025113b.php
2025-12-27 16:41	503	./kdsites/dev/wp-content/uploads/cache/37c059cfefded2f84dd2d76ae5ef2ee0e025113b.php
2026-04-27 15:16	504	./kdsites/dev2/wp-content/uploads/cache/a91e2a35f527b0082fadc31ca69c90d71c2cae54.php
2026-09-25 13:47	504	./kdsites/site/wp-content/uploads/cache/41f8ec23c627393ab73837ffb11d234077734502.php
2023-04-04 12:19	5075	./kdtemplates/victory/site/wp-content/uploads/cache/wpml/twig/7c/7c870987b0560100889afaa18f12445d0b038854b190e408f30392e31bd725ce.php
2016-01-06 08:20	510	./webdesign/chass/site_old/wp-content/gallery/consulting/dirs.inf
2016-01-06 08:20	510	./webdesign/chass/site_old/wp-content/gallery/consulting/plugin.inf
2016-01-06 08:21	510	./webdesign/chass/site_old/wp-content/gallery/consulting/start.inf
2016-01-06 08:24	510	./webdesign/chass/site_old/wp-content/gallery/consulting/thumbs/blog.inf
2016-01-06 08:19	510	./webdesign/chass/site_old/wp-content/gallery/error.inf
2016-01-06 08:21	510	./webdesign/chass/site_old/wp-content/gallery/homepage/test.inf
2016-01-06 08:24	510	./webdesign/chass/site_old/wp-content/gallery/homepage/thumbs/options.inf
2016-01-06 08:21	510	./webdesign/chass/site_old/wp-content/gallery/manufacturer-positions/ajax.inf
2016-01-06 08:21	510	./webdesign/chass/site_old/wp-content/gallery/manufacturer-positions/model.inf
2016-01-06 08:21	510	./webdesign/chass/site_old/wp-content/gallery/oem-strategic-contracts/page.inf
2016-01-06 08:24	510	./webdesign/chass/site_old/wp-content/gallery/oem-strategic-contracts/thumbs/defines.inf
2016-01-06 08:24	510	./webdesign/chass/site_old/wp-content/gallery/oem-strategic-contracts/thumbs/system.inf
2016-01-06 08:25	510	./webdesign/chass/site_old/wp-content/gallery/retailers/thumbs/help.inf
2016-01-06 08:25	510	./webdesign/chass/site_old/wp-content/gallery/retailers/thumbs/page.inf
2016-01-06 08:20	513	./webdesign/chass/site_old/wp-content/gallery/consulting/dirs.php
2016-01-06 08:21	513	./webdesign/chass/site_old/wp-content/gallery/consulting/plugin.php
2016-01-06 08:21	513	./webdesign/chass/site_old/wp-content/gallery/consulting/start.php
2016-01-06 08:24	513	./webdesign/chass/site_old/wp-content/gallery/consulting/thumbs/blog.php
2016-01-06 08:19	513	./webdesign/chass/site_old/wp-content/gallery/error.php
2016-01-06 08:21	513	./webdesign/chass/site_old/wp-content/gallery/homepage/test.php
2016-01-06 08:24	513	./webdesign/chass/site_old/wp-content/gallery/homepage/thumbs/options.php
2016-01-06 08:21	513	./webdesign/chass/site_old/wp-content/gallery/manufacturer-positions/ajax.php
2016-01-06 08:21	513	./webdesign/chass/site_old/wp-content/gallery/manufacturer-positions/model.php
2016-01-06 08:21	513	./webdesign/chass/site_old/wp-content/gallery/oem-strategic-contracts/page.php
2016-01-06 08:24	513	./webdesign/chass/site_old/wp-content/gallery/oem-strategic-contracts/thumbs/defines.php
2016-01-06 08:24	513	./webdesign/chass/site_old/wp-content/gallery/oem-strategic-contracts/thumbs/system.php
2016-01-06 08:25	513	./webdesign/chass/site_old/wp-content/gallery/retailers/thumbs/help.php
2016-01-06 08:25	513	./webdesign/chass/site_old/wp-content/gallery/retailers/thumbs/page.php
2025-12-27 17:22	5277	./kdsites/dev2/wp-content/uploads/cache/62b82599c11ca71c696a7c715b7c37b447344087.php
2025-12-27 17:22	5277	./kdsites/dev/wp-content/uploads/cache/62b82599c11ca71c696a7c715b7c37b447344087.php
2026-04-27 15:03	5278	./kdsites/dev2/wp-content/uploads/cache/8c60500600b5cb3c8048bcadba73d44f7a94682a.php
2026-09-25 13:32	5278	./kdsites/site/wp-content/uploads/cache/8290c0cd7fa4c2c66dc86ac8cace0fbe9800f9fb.php
2025-12-26 16:31	5298	./kdsites/dev2/wp-content/uploads/cache/bcc674c92078f97d2374c464a9d3b4f040cfcc98.php
2025-12-26 16:31	5298	./kdsites/dev/wp-content/uploads/cache/bcc674c92078f97d2374c464a9d3b4f040cfcc98.php
2026-04-27 15:02	5299	./kdsites/dev2/wp-content/uploads/cache/42df178167b5d46843b8a23d229f5b5ca3bd014f.php
2026-09-25 13:36	5299	./kdsites/site/wp-content/uploads/cache/a1fabf89c2d9252bba361395aad7d4e08752a0b6.php
2025-12-26 16:27	540	./kdsites/dev2/wp-content/uploads/cache/b3ad4d1fcb8332dfde89b50056e36c9cfe493c3f.php
2025-12-26 16:27	540	./kdsites/dev/wp-content/uploads/cache/b3ad4d1fcb8332dfde89b50056e36c9cfe493c3f.php
2026-04-27 14:48	541	./kdsites/dev2/wp-content/uploads/cache/97b346eb02a6fe74787ff7b334800693ef8823c0.php
2026-09-25 13:24	541	./kdsites/site/wp-content/uploads/cache/9dc6b66a03944862f31c8a821a39749362368dad.php
2025-12-26 16:31	545	./kdsites/dev2/wp-content/uploads/cache/02537d51774310283a2bf008b424c8c219211536.php
2025-12-26 16:31	545	./kdsites/dev/wp-content/uploads/cache/02537d51774310283a2bf008b424c8c219211536.php
2026-04-27 14:55	546	./kdsites/dev2/wp-content/uploads/cache/0e31fbca66fc97f1b5218312a5fa887b31a186f6.php
2026-09-25 13:25	546	./kdsites/site/wp-content/uploads/cache/a852c19b5161c65bfd2c7d441a89a8975f586f58.php
2025-12-26 16:31	5677	./kdsites/dev2/wp-content/uploads/cache/87f87c6d6281ed42eaab2b8f2fbf630e666d13de.php
2025-12-26 16:31	5677	./kdsites/dev/wp-content/uploads/cache/87f87c6d6281ed42eaab2b8f2fbf630e666d13de.php
2026-04-27 15:05	5678	./kdsites/dev2/wp-content/uploads/cache/9c6fbe60c7587afb91e818ba4c044e181ccdbff8.php
2026-09-25 13:44	5678	./kdsites/site/wp-content/uploads/cache/0c987f7e21ed17edab51450ebd28e85378c6f315.php
2023-04-04 12:19	5906	./kdtemplates/victory/site/wp-content/uploads/cache/wpml/twig/4b/4b0cd2145330c063a8f729bec12496bcf9be19755911dc8151d1b3af207d6256.php
2026-04-16 07:04	609	./kdsites/dev2/wp-content/uploads/cache/a449e0cdc995be85812f727b2fca5e176c378fa2.php
2026-04-16 07:04	609	./kdsites/dev/wp-content/uploads/cache/a449e0cdc995be85812f727b2fca5e176c378fa2.php
2026-09-26 13:15	610	./kdsites/site/wp-content/uploads/cache/8f134b67444b1edf8795177d9fd47f64ecad1b4a.php
2023-04-04 12:19	6218	./kdtemplates/victory/site/wp-content/uploads/cache/wpml/twig/a6/a6d50bf6afa0bed375de2ffefc6cb8e448c12b77a3ccb4d20e96dab45ffc322e.php
2023-04-04 12:19	6824	./kdtemplates/victory/site/wp-content/uploads/cache/wpml/twig/f3/f3907599bb39df6d570d0f021d1dcfe40fb81e1b01eb6890d8dbb9862dc2e3ce.php
2023-04-04 12:19	7071	./kdtemplates/victory/site/wp-content/uploads/cache/wpml/twig/de/deadf543e2421f19220a90834f4c320be1e5063ab62dcb3325e8536f44187ba6.php
2023-04-04 12:19	7926	./kdtemplates/victory/site/wp-content/uploads/cache/wpml/twig/cd/cdc89226fe7cb9393fd8fa33b4bbc438830bf87f28f222f507488642e9fbeadb.php
2026-01-08 15:25	8026	./kdsites/dev2/wp-content/uploads/cache/2365734d18fd44cc72b4b4333a962fb1b21c0188.php
2026-01-08 15:25	8026	./kdsites/dev/wp-content/uploads/cache/2365734d18fd44cc72b4b4333a962fb1b21c0188.php
2026-04-27 15:03	8027	./kdsites/dev2/wp-content/uploads/cache/4f7be85302c6558d41e0064763ebd72e64235083.php
2026-09-25 13:47	8027	./kdsites/site/wp-content/uploads/cache/910beb69ded95182bba865fd0f5bf9f312b6177f.php
2025-12-26 16:31	807	./kdsites/dev2/wp-content/uploads/cache/386cd7a13fe94df59ae501d5e6b5636fb5d92d0a.php
2025-12-26 16:31	807	./kdsites/dev/wp-content/uploads/cache/386cd7a13fe94df59ae501d5e6b5636fb5d92d0a.php
2026-04-27 14:55	808	./kdsites/dev2/wp-content/uploads/cache/e7fe0724ad6157d1ee10203537e351bab848f40c.php
2026-09-25 13:25	808	./kdsites/site/wp-content/uploads/cache/9ba69d20bfe60f218bf05c1f12dd4ef2c470737f.php
2023-04-04 12:19	8198	./kdtemplates/victory/site/wp-content/uploads/cache/wpml/twig/79/79c3b22899e2773083e7bb659fa9ced46dd832ea7030ee3cbf065deec98f99fd.php
2023-04-04 12:28	8585	./kdtemplates/victory/site/wp-content/uploads/cache/wpml/twig/7a/7af2c646f4902c5c2700de0be69c96bd06a554c3d8d9971d959669b25b191eb5.php
2023-04-04 12:19	8585	./kdtemplates/victory/site/wp-content/uploads/cache/wpml/twig/99/992f28cf40d48bd647a2db05e1575208db7242e659d16fb36390e08a391d2aaf.php
2023-04-04 12:19	8644	./kdtemplates/victory/site/wp-content/uploads/cache/wpml/twig/43/43f835be549b5f1f2babbb163f591c9ccf3e5b0f0ff07f4cce8b5a089588af38.php
2025-12-26 16:27	885	./kdsites/dev2/wp-content/uploads/cache/04592550e0bb8e131a3c5fcb3866f34679739f8f.php
2025-12-26 16:27	885	./kdsites/dev/wp-content/uploads/cache/04592550e0bb8e131a3c5fcb3866f34679739f8f.php
2026-04-27 14:47	886	./kdsites/dev2/wp-content/uploads/cache/d70a017acc17820559dd32d2fb2db2bb9820b24a.php
2026-09-25 13:24	886	./kdsites/site/wp-content/uploads/cache/ad7c3bc0a510e12e604ebe05fcabd1be2d088947.php
2023-04-04 12:19	8977	./kdtemplates/victory/site/wp-content/uploads/cache/wpml/twig/33/335cb9486b657a59d57378ba1d19a63b53c93f2da8010da3992c0f79da877ee8.php
2026-04-16 07:04	924	./kdsites/dev2/wp-content/uploads/cache/5150cd64e49aebfce67f5eb2ddaef2dec63e9b16.php
2026-04-16 07:04	924	./kdsites/dev/wp-content/uploads/cache/5150cd64e49aebfce67f5eb2ddaef2dec63e9b16.php
2026-08-28 18:48	925	./kdsites/dev2/wp-content/uploads/cache/fcdfb35abe5c557180927d9eafecd03f7d3709b6.php
2026-09-26 13:15	925	./kdsites/site/wp-content/uploads/cache/dc54476a8cc40e44202d2aad790870245af18276.php
2025-12-27 16:41	933	./kdsites/dev2/wp-content/uploads/cache/135ee148b6616433aca53fb6aa8647b59b778871.php
2025-12-27 16:41	933	./kdsites/dev/wp-content/uploads/cache/135ee148b6616433aca53fb6aa8647b59b778871.php
2026-04-27 15:16	934	./kdsites/dev2/wp-content/uploads/cache/e2fdb0f6927ca11b88f83e9aa59fabbf51184bb8.php
2026-09-25 13:47	934	./kdsites/site/wp-content/uploads/cache/1b60c83a659b532757a1af2951f067b6e7e9d1d2.php
2026-04-28 11:39	9500	./kdsites/dev/wp-content/uploads/cache/215cc383cd4c967a7759a9ffae73e21c0a8efbff.php
2026-04-28 11:46	9501	./kdsites/dev2/wp-content/uploads/cache/2c89b104a3c86e20f030dac6872dddad19836ca4.php
2026-09-25 13:24	9501	./kdsites/site/wp-content/uploads/cache/9113f6667c62ea7defb538de6ec842c5a11402bb.php
2025-12-26 16:27	979	./kdsites/dev2/wp-content/uploads/cache/3333da749f5adfca7dcdc7ff5a02a4fc11346eaa.php
2025-12-26 16:27	979	./kdsites/dev/wp-content/uploads/cache/3333da749f5adfca7dcdc7ff5a02a4fc11346eaa.php
2026-04-27 14:48	980	./kdsites/dev2/wp-content/uploads/cache/58d60d26378b9aff905ddb86a34c777d0cf7cde9.php
2026-09-25 13:24	980	./kdsites/site/wp-content/uploads/cache/5809fa041012b5b1aaf49a512c8c6d8852bcb222.php
